B,100,128,dijkstra,221,409794752
B,100,128,mohri,259,508560576
B,100,128,mohriKShortest12,4523,4905405928
B,100,128,mohriKShortest16,8445,8910186416
B,100,128,mohriKShortest20,14092,14749998344
B,100,128,mohriKShortest4,800,1063861584
B,100,128,mohriKShortest8,2115,2459186304
B,100,128,mohrip,163,334060368
B,100,128,mohripKShortest12,14031,15089309728
B,100,128,mohripKShortest16,26077,27508424912
B,100,128,mohripKShortest20,44974,46617738152
B,100,128,mohripKShortest4,1889,2509843344
B,100,128,mohripKShortest8,6106,7035331344
B,100,16,dijkstra,204,412395896
B,100,16,mohri,400,717627920
B,100,16,mohriKShortest12,6090,6676789832
B,100,16,mohriKShortest16,10547,11133191168
B,100,16,mohriKShortest20,16622,17412753160
B,100,16,mohriKShortest4,1244,1702288848
B,100,16,mohriKShortest8,3214,3720578560
B,100,16,mohrip,98,216563232
B,100,16,mohripKShortest12,3092,3237497560
B,100,16,mohripKShortest16,5423,5516376800
B,100,16,mohripKShortest20,8526,8730450016
B,100,16,mohripKShortest4,704,918339464
B,100,16,mohripKShortest8,1681,1768066328
B,100,256,dijkstra,213,410286704
B,100,256,mohri,765,1549336976
B,100,256,mohriKShortest12,28988,31754220768
B,100,256,mohriKShortest16,53403,57058929328
B,100,256,mohriKShortest20,87941,92327717000
B,100,256,mohriKShortest4,4732,6263812584
B,100,256,mohriKShortest8,13589,15915931560
B,100,256,mohrip,135,269245008
B,100,256,mohripKShortest12,9824,10628514440
B,100,256,mohripKShortest16,17570,18396769568
B,100,256,mohripKShortest20,29527,30655435288
B,100,256,mohripKShortest4,1610,2122985960
B,100,256,mohripKShortest8,4688,5297095736
B,100,2,dijkstra,218,413996464
B,100,2,mohri,141,265554512
B,100,2,mohriKShortest12,1510,1584666776
B,100,2,mohriKShortest16,2553,2667533832
B,100,2,mohriKShortest20,4085,4224480624
B,100,2,mohriKShortest4,348,459267032
B,100,2,mohriKShortest8,741,875568064
B,100,2,mohrip,77,175081104
B,100,2,mohripKShortest12,836,898078384
B,100,2,mohripKShortest16,1398,1451399712
B,100,2,mohripKShortest20,2175,2227218752
B,100,2,mohripKShortest4,236,305659152
B,100,2,mohripKShortest8,453,536173176
B,100,32,dijkstra,227,409725648
B,100,32,mohri,819,1650548560
B,100,32,mohriKShortest12,16906,18610398760
B,100,32,mohriKShortest16,30383,32732423488
B,100,32,mohriKShortest20,43634,46020230328
B,100,32,mohriKShortest4,3428,4644283088
B,100,32,mohriKShortest8,8119,9567670872
B,100,32,mohrip,140,293916632
B,100,32,mohripKShortest12,5828,6322610360
B,100,32,mohripKShortest16,10674,11175233280
B,100,32,mohripKShortest20,17268,18004843088
B,100,32,mohripKShortest4,1204,1601835632
B,100,32,mohripKShortest8,3086,3579570272
B,100,4,dijkstra,230,414002536
B,100,4,mohri,97,185882120
B,100,4,mohriKShortest12,828,886894000
B,100,4,mohriKShortest16,1418,1446950480
B,100,4,mohriKShortest20,2188,2228989400
B,100,4,mohriKShortest4,230,296567384
B,100,4,mohriKShortest8,464,516034752
B,100,4,mohrip,96,175713560
B,100,4,mohripKShortest12,758,825335360
B,100,4,mohripKShortest16,1248,1299439896
B,100,4,mohripKShortest20,1868,1926226296
B,100,4,mohripKShortest4,236,313059232
B,100,4,mohripKShortest8,437,506433040
B,100,64,dijkstra,220,409617512
B,100,64,mohri,196,396592968
B,100,64,mohriKShortest12,11477,12681833200
B,100,64,mohriKShortest16,22129,23834487096
B,100,64,mohriKShortest20,37603,39660172760
B,100,64,mohriKShortest4,1443,1976152144
B,100,64,mohriKShortest8,4797,5637760288
B,100,64,mohrip,162,321234592
B,100,64,mohripKShortest12,8290,9023766744
B,100,64,mohripKShortest16,14627,15442928480
B,100,64,mohripKShortest20,24636,25555100480
B,100,64,mohripKShortest4,1285,1688179696
B,100,64,mohripKShortest8,3803,4410039320
B,100,8,dijkstra,218,413785184
B,100,8,mohri,250,462315832
B,100,8,mohriKShortest12,3005,3272456968
B,100,8,mohriKShortest16,4988,5306403144
B,100,8,mohriKShortest20,7971,8314902272
B,100,8,mohriKShortest4,713,961856656
B,100,8,mohriKShortest8,1850,2099111992
B,100,8,mohrip,117,235571288
B,100,8,mohripKShortest12,1798,1922370328
B,100,8,mohripKShortest16,2987,3137353696
B,100,8,mohripKShortest20,4820,4985170816
B,100,8,mohripKShortest4,447,590031992
B,100,8,mohripKShortest8,1010,1118739104
B,150,128,dijkstra,805,1349258016
B,150,128,mohri,1836,3055461328
B,150,128,mohriKShortest12,53583,58888120944
B,150,128,mohriKShortest16,95108,102387459352
B,150,128,mohriKShortest20,154441,162883396072
B,150,128,mohriKShortest4,10370,13462676912
B,150,128,mohriKShortest8,25745,30119406488
B,150,128,mohrip,972,1575872064
B,150,128,mohripKShortest12,24642,26912602680
B,150,128,mohripKShortest16,42454,44958478464
B,150,128,mohripKShortest20,67968,71240005880
B,150,128,mohripKShortest4,5041,6543053744
B,150,128,mohripKShortest8,12569,14449362520
B,150,16,dijkstra,808,1363432856
B,150,16,mohri,3744,6170826152
B,150,16,mohriKShortest12,33601,37120541960
B,150,16,mohriKShortest16,52025,56101542216
B,150,16,mohriKShortest20,79907,84782838608
B,150,16,mohriKShortest4,10346,13660672640
B,150,16,mohriKShortest8,20746,24480764992
B,150,16,mohrip,432,722132312
B,150,16,mohripKShortest12,5925,6355385376
B,150,16,mohripKShortest16,9467,9910523800
B,150,16,mohripKShortest20,14625,15149950536
B,150,16,mohripKShortest4,1645,2083300648
B,150,16,mohripKShortest8,3460,3878618864
B,150,256,dijkstra,813,1350850648
B,150,256,mohri,5202,8505076392
B,150,256,mohriKShortest12,160143,177189392816
B,150,256,mohriKShortest16,294763,317512712304
B,150,256,mohriKShortest20,492850,519268528152
B,150,256,mohriKShortest4,26290,34512122624
B,150,256,mohriKShortest8,74033,86955123712
B,150,256,mohrip,1358,2157034168
B,150,256,mohripKShortest12,31522,34358439232
B,150,256,mohripKShortest16,54908,58190028024
B,150,256,mohripKShortest20,87560,91706793904
B,150,256,mohripKShortest4,5938,7677553336
B,150,256,mohripKShortest8,15300,17732369888
B,150,2,dijkstra,780,1366083584
B,150,2,mohri,356,586182664
B,150,2,mohriKShortest12,2102,2294924336
B,150,2,mohriKShortest16,3384,3564844984
B,150,2,mohriKShortest20,5221,5336670392
B,150,2,mohriKShortest4,721,912020360
B,150,2,mohriKShortest8,1253,1438811704
B,150,2,mohrip,356,582940336
B,150,2,mohripKShortest12,1370,1523632280
B,150,2,mohripKShortest16,1978,2110462760
B,150,2,mohripKShortest20,2696,2842715176
B,150,2,mohripKShortest4,575,767717768
B,150,2,mohripKShortest8,901,1076086104
B,150,32,dijkstra,804,1360574600
B,150,32,mohri,5159,8331844032
B,150,32,mohriKShortest12,70303,77705844168
B,150,32,mohriKShortest16,119379,128152834592
B,150,32,mohriKShortest20,187310,197893278240
B,150,32,mohriKShortest4,16751,21887933232
B,150,32,mohriKShortest8,37097,43718498120
B,150,32,mohrip,520,866414920
B,150,32,mohripKShortest12,17105,18588804488
B,150,32,mohripKShortest16,26846,28497614312
B,150,32,mohripKShortest20,41982,43802650664
B,150,32,mohripKShortest4,4437,5623448048
B,150,32,mohripKShortest8,9241,10636898232
B,150,4,dijkstra,812,1366190560
B,150,4,mohri,607,964556488
B,150,4,mohriKShortest12,3328,3534934248
B,150,4,mohriKShortest16,6328,6578954096
B,150,4,mohriKShortest20,9846,10083721304
B,150,4,mohriKShortest4,1209,1527998608
B,150,4,mohriKShortest8,2151,2460321752
B,150,4,mohrip,353,583868736
B,150,4,mohripKShortest12,2475,2629248944
B,150,4,mohripKShortest16,4168,4289996832
B,150,4,mohripKShortest20,6548,6642715728
B,150,4,mohripKShortest4,735,936285880
B,150,4,mohripKShortest8,1386,1568613648
B,150,64,dijkstra,811,1351018416
B,150,64,mohri,1931,3158632168
B,150,64,mohriKShortest12,42007,46545082144
B,150,64,mohriKShortest16,73858,79394056304
B,150,64,mohriKShortest20,118954,125933134408
B,150,64,mohriKShortest4,8017,10389044024
B,150,64,mohriKShortest8,20175,23769992552
B,150,64,mohrip,680,1122144400
B,150,64,mohripKShortest12,16700,18306041112
B,150,64,mohripKShortest16,29912,31902540216
B,150,64,mohripKShortest20,49928,52660977464
B,150,64,mohripKShortest4,3144,4075668752
B,150,64,mohripKShortest8,8330,9650308408
B,150,8,dijkstra,812,1365695848
B,150,8,mohri,1104,1792536736
B,150,8,mohriKShortest12,10362,11212873528
B,150,8,mohriKShortest16,16452,17426710144
B,150,8,mohriKShortest20,25019,26160728312
B,150,8,mohriKShortest4,2913,3836702064
B,150,8,mohriKShortest8,5884,6854691472
B,150,8,mohrip,378,608055616
B,150,8,mohripKShortest12,3400,3610718688
B,150,8,mohripKShortest16,5795,5938521680
B,150,8,mohripKShortest20,8915,9159576424
B,150,8,mohripKShortest4,898,1175687744
B,150,8,mohripKShortest8,1872,2110119032
B,200,128,dijkstra,1954,3160981264
B,200,128,mohri,10423,16443144056
B,200,128,mohriKShortest12,131230,149740676192
B,200,128,mohriKShortest16,205254,226590851528
B,200,128,mohriKShortest20,302072,326854334032
B,200,128,mohriKShortest4,38221,50796382136
B,200,128,mohriKShortest8,75376,91740453208
B,200,128,mohrip,2489,3959264344
B,200,128,mohripKShortest12,50838,57187627848
B,200,128,mohripKShortest16,80510,87944957288
B,200,128,mohripKShortest20,123083,131747982384
B,200,128,mohripKShortest4,13947,18447273832
B,200,128,mohripKShortest8,29387,34943587096
B,200,16,dijkstra,1951,3196379736
B,200,16,mohri,2967,4676145848
B,200,16,mohriKShortest12,22851,25717755920
B,200,16,mohriKShortest16,36336,39461895816
B,200,16,mohriKShortest20,54612,58159028456
B,200,16,mohriKShortest4,6459,8621364504
B,200,16,mohriKShortest8,12264,14670791408
B,200,16,mohrip,1116,1802688504
B,200,16,mohripKShortest12,10238,11220333128
B,200,16,mohripKShortest16,16022,17190064128
B,200,16,mohripKShortest20,24903,26193004256
B,200,16,mohripKShortest4,3080,4016550328
B,200,16,mohripKShortest8,5790,6835306656
B,200,256,dijkstra,1992,3157871664
B,200,256,mohri,7436,11689714440
B,200,256,mohriKShortest12,179911,204151446952
B,200,256,mohriKShortest16,315762,346350718640
B,200,256,mohriKShortest20,508983,548333326928
B,200,256,mohriKShortest4,35760,47496857712
B,200,256,mohriKShortest8,90909,109395618480
B,200,256,mohrip,1636,2619938896
B,200,256,mohripKShortest12,56050,62662287048
B,200,256,mohripKShortest16,96435,104484653584
B,200,256,mohripKShortest20,151469,161776555736
B,200,256,mohripKShortest4,11796,15522308232
B,200,256,mohripKShortest8,29219,34908923048
B,200,2,dijkstra,1997,3198896184
B,200,2,mohri,1731,2774427296
B,200,2,mohriKShortest12,7362,8284344592
B,200,2,mohriKShortest16,10666,11535543448
B,200,2,mohriKShortest20,14747,15648717416
B,200,2,mohriKShortest4,2623,3500177864
B,200,2,mohriKShortest8,5256,5972446864
B,200,2,mohrip,863,1371318024
B,200,2,mohripKShortest12,3861,4250733624
B,200,2,mohripKShortest16,5906,6308378968
B,200,2,mohripKShortest20,8782,9105069152
B,200,2,mohripKShortest4,1527,1961258584
B,200,2,mohripKShortest8,2429,2821043712
B,200,32,dijkstra,1935,3185074480
B,200,32,mohri,19592,30875379016
B,200,32,mohriKShortest12,130347,147910143256
B,200,32,mohriKShortest16,201118,221860617728
B,200,32,mohriKShortest20,300524,324808976936
B,200,32,mohriKShortest4,42927,57280946256
B,200,32,mohriKShortest8,80236,96956556464
B,200,32,mohrip,1563,2502883552
B,200,32,mohripKShortest12,29989,33374774344
B,200,32,mohripKShortest16,47829,51982473496
B,200,32,mohripKShortest20,75432,80040447264
B,200,32,mohripKShortest4,7659,10078642680
B,200,32,mohripKShortest8,15599,18407852496
B,200,4,dijkstra,1961,3198957280
B,200,4,mohri,1823,2901680336
B,200,4,mohriKShortest12,9719,10958880328
B,200,4,mohriKShortest16,15106,16341484144
B,200,4,mohriKShortest20,22386,23639243480
B,200,4,mohriKShortest4,3639,4856285328
B,200,4,mohriKShortest8,6130,7251256944
B,200,4,mohrip,873,1373417576
B,200,4,mohripKShortest12,4290,4739426632
B,200,4,mohripKShortest16,6559,7062434960
B,200,4,mohripKShortest20,8988,9355703512
B,200,4,mohripKShortest4,1703,2202531456
B,200,4,mohripKShortest8,2694,3165473528
B,200,64,dijkstra,1977,3159523616
B,200,64,mohri,11638,18308583288
B,200,64,mohriKShortest12,232986,264403405656
B,200,64,mohriKShortest16,414122,455721289640
B,200,64,mohriKShortest20,680101,735570911296
B,200,64,mohriKShortest4,47078,62280705840
B,200,64,mohriKShortest8,116618,141272922192
B,200,64,mohrip,1980,3147393024
B,200,64,mohripKShortest12,44650,50069880440
B,200,64,mohripKShortest16,73372,79596668456
B,200,64,mohripKShortest20,116122,123555995800
B,200,64,mohripKShortest4,12575,16182610624
B,200,64,mohripKShortest8,24747,29515719664
B,200,8,dijkstra,2013,3198762208
B,200,8,mohri,1525,2368806064
B,200,8,mohriKShortest12,10042,11346517664
B,200,8,mohriKShortest16,14912,16089344704
B,200,8,mohriKShortest20,21219,22525985416
B,200,8,mohriKShortest4,3201,4233499680
B,200,8,mohriKShortest8,6357,7677848168
B,200,8,mohrip,883,1395970848
B,200,8,mohripKShortest12,6018,6637751664
B,200,8,mohripKShortest16,9307,9997764392
B,200,8,mohripKShortest20,13913,14596354048
B,200,8,mohripKShortest4,2612,3432922584
B,200,8,mohripKShortest8,3694,4313265360
B,250,128,dijkstra,3783,6118678968
B,250,128,mohri,53048,81477163752
B,250,128,mohriKShortest12,797912,928320424640
B,250,128,mohriKShortest16,1346408,1517159651904
B,250,128,mohriKShortest20,2125680,2334334821392
B,250,128,mohriKShortest4,177365,239022869944
B,250,128,mohriKShortest8,421753,520646048080
B,250,128,mohrip,4231,6509267248
B,250,128,mohripKShortest12,96394,110577940872
B,250,128,mohripKShortest16,160134,176660146616
B,250,128,mohripKShortest20,245812,265878634624
B,250,128,mohripKShortest4,20330,27362305968
B,250,128,mohripKShortest8,52868,64540468120
B,250,16,dijkstra,3796,6198151800
B,250,16,mohri,9315,14289622712
B,250,16,mohriKShortest12,47468,54501955184
B,250,16,mohriKShortest16,70547,78228384856
B,250,16,mohriKShortest20,101839,109675311032
B,250,16,mohriKShortest4,19790,26397292168
B,250,16,mohriKShortest8,29543,36072635968
B,250,16,mohrip,1902,2953410848
B,250,16,mohripKShortest12,13359,14994600032
B,250,16,mohripKShortest16,21577,23535787112
B,250,16,mohripKShortest20,32838,34882501232
B,250,16,mohripKShortest4,4617,6241032304
B,250,16,mohripKShortest8,8138,9778723784
B,250,256,dijkstra,3738,6110644648
B,250,256,mohri,26698,40668157040
B,250,256,mohriKShortest12,501618,581350259320
B,250,256,mohriKShortest16,857190,959106088712
B,250,256,mohriKShortest20,1353872,1480064553704
B,250,256,mohriKShortest4,108092,144842345464
B,250,256,mohriKShortest8,262528,322153916432
B,250,256,mohrip,3708,5710887976
B,250,256,mohripKShortest12,109698,126253302096
B,250,256,mohripKShortest16,182205,202860024480
B,250,256,mohripKShortest20,279595,303376876360
B,250,256,mohripKShortest4,26972,36263572768
B,250,256,mohripKShortest8,60614,73861888256
B,250,2,dijkstra,3869,6200087664
B,250,2,mohri,1759,2699325296
B,250,2,mohriKShortest12,8369,9494707968
B,250,2,mohriKShortest16,12345,13454184744
B,250,2,mohriKShortest20,17612,18817135696
B,250,2,mohriKShortest4,3918,5333547752
B,250,2,mohriKShortest8,5552,6701472840
B,250,2,mohrip,1725,2667601872
B,250,2,mohripKShortest12,4432,5130426800
B,250,2,mohripKShortest16,5950,6667912384
B,250,2,mohripKShortest20,7887,8623456504
B,250,2,mohripKShortest4,2334,3166546472
B,250,2,mohripKShortest8,3204,3955766336
B,250,32,dijkstra,3871,6187648056
B,250,32,mohri,6073,9168548008
B,250,32,mohriKShortest12,41533,47275752968
B,250,32,mohriKShortest16,64869,71504570480
B,250,32,mohriKShortest20,97278,104879364600
B,250,32,mohriKShortest4,13735,18260864400
B,250,32,mohriKShortest8,24165,29224711776
B,250,32,mohrip,2406,3660978184
B,250,32,mohripKShortest12,29322,33472728872
B,250,32,mohripKShortest16,45587,49578909392
B,250,32,mohripKShortest20,65381,70360478544
B,250,32,mohripKShortest4,10189,13486218584
B,250,32,mohripKShortest8,18063,21799186752
B,250,4,dijkstra,3804,6200162976
B,250,4,mohri,3541,5388763944
B,250,4,mohriKShortest12,10582,12164722720
B,250,4,mohriKShortest16,15292,16885720688
B,250,4,mohriKShortest20,21514,23206931736
B,250,4,mohriKShortest4,4915,6641858272
B,250,4,mohriKShortest8,7149,8789907824
B,250,4,mohrip,1725,2670959800
B,250,4,mohripKShortest12,5735,6557835312
B,250,4,mohripKShortest16,8520,9145742080
B,250,4,mohripKShortest20,11841,12608720688
B,250,4,mohripKShortest4,2600,3567449872
B,250,4,mohripKShortest8,3827,4685980776
B,250,64,dijkstra,3851,6136124944
B,250,64,mohri,21743,33452857080
B,250,64,mohriKShortest12,156295,180814649792
B,250,64,mohriKShortest16,245191,274673635224
B,250,64,mohriKShortest20,377537,412547142160
B,250,64,mohriKShortest4,52970,71216532768
B,250,64,mohriKShortest8,96068,118126466296
B,250,64,mohrip,3768,5699280080
B,250,64,mohripKShortest12,45275,51683405616
B,250,64,mohripKShortest16,66841,73894535784
B,250,64,mohripKShortest20,100024,107197963008
B,250,64,mohripKShortest4,13974,18982926944
B,250,64,mohripKShortest8,26524,32320604144
B,250,8,dijkstra,3827,6199844912
B,250,8,mohri,6692,10271858328
B,250,8,mohriKShortest12,26070,29876751944
B,250,8,mohriKShortest16,38740,42949887224
B,250,8,mohriKShortest20,56133,60714568120
B,250,8,mohriKShortest4,12049,16163126952
B,250,8,mohriKShortest8,16849,20601812048
B,250,8,mohrip,1757,2674878872
B,250,8,mohripKShortest12,13234,14738173384
B,250,8,mohripKShortest16,20479,22039550960
B,250,8,mohripKShortest20,30521,32367126464
B,250,8,mohripKShortest4,4464,5898633432
B,250,8,mohripKShortest8,7886,9397312832
B,300,128,dijkstra,6526,10516350432
B,300,128,mohri,13360,20368373512
B,300,128,mohriKShortest12,282670,328132215488
B,300,128,mohriKShortest16,487615,539009621088
B,300,128,mohriKShortest20,774991,844497803704
B,300,128,mohriKShortest4,55819,75767947080
B,300,128,mohriKShortest8,134548,169027807120
B,300,128,mohrip,8699,13291105768
B,300,128,mohripKShortest12,132649,148809446768
B,300,128,mohripKShortest16,216776,233772131336
B,300,128,mohripKShortest20,324613,340861366064
B,300,128,mohripKShortest4,33722,43437146584
B,300,128,mohripKShortest8,74537,88926807720
B,300,16,dijkstra,6880,10655467808
B,300,16,mohri,35003,51554757912
B,300,16,mohriKShortest12,131578,142818604176
B,300,16,mohriKShortest16,194392,202629581856
B,300,16,mohriKShortest20,269941,273889148208
B,300,16,mohriKShortest4,61600,79074871712
B,300,16,mohriKShortest8,92132,104998236544
B,300,16,mohrip,3456,5070526904
B,300,16,mohripKShortest12,33013,35153416784
B,300,16,mohripKShortest16,47587,49818255008
B,300,16,mohripKShortest20,67879,69384920616
B,300,16,mohripKShortest4,13267,16218146376
B,300,16,mohripKShortest8,19532,21707116480
B,300,256,dijkstra,6863,10520654384
B,300,256,mohri,49456,72827011456
B,300,256,mohriKShortest12,863517,971626874944
B,300,256,mohriKShortest16,1462948,1565061615064
B,300,256,mohriKShortest20,2232208,2368149570592
B,300,256,mohriKShortest4,200483,262880232120
B,300,256,mohriKShortest8,477165,553523246328
B,300,256,mohrip,6613,9674027360
B,300,256,mohripKShortest12,191432,221943845672
B,300,256,mohripKShortest16,316948,352058494312
B,300,256,mohripKShortest20,492443,520236858272
B,300,256,mohripKShortest4,51078,68350783008
B,300,256,mohripKShortest8,109699,136179268880
B,300,2,dijkstra,6674,10658040400
B,300,2,mohri,7767,11562033152
B,300,2,mohriKShortest12,20773,23533479056
B,300,2,mohriKShortest16,28733,31550661328
B,300,2,mohriKShortest20,39881,42044188088
B,300,2,mohriKShortest4,10526,13824282648
B,300,2,mohriKShortest8,14639,17733828992
B,300,2,mohrip,3006,4596716488
B,300,2,mohripKShortest12,8020,9217226032
B,300,2,mohripKShortest16,11175,12187607000
B,300,2,mohripKShortest20,15284,15911780688
B,300,2,mohripKShortest4,4067,5656852600
B,300,2,mohripKShortest8,5836,7061907976
B,300,32,dijkstra,6749,10636759952
B,300,32,mohri,5556,8391097688
B,300,32,mohriKShortest12,42691,47602851992
B,300,32,mohriKShortest16,66337,71065177344
B,300,32,mohriKShortest20,103959,104661291616
B,300,32,mohriKShortest4,13822,18067406000
B,300,32,mohriKShortest8,25713,30467149520
B,300,32,mohrip,3881,5856780504
B,300,32,mohripKShortest12,36869,40966491376
B,300,32,mohripKShortest16,57339,60434276664
B,300,32,mohripKShortest20,84916,87443507824
B,300,32,mohripKShortest4,11823,15319289264
B,300,32,mohripKShortest8,22018,26055150072
B,300,4,dijkstra,6812,10658209464
B,300,4,mohri,8554,12751698328
B,300,4,mohriKShortest12,38049,43139415536
B,300,4,mohriKShortest16,52360,56653537632
B,300,4,mohriKShortest20,72501,77576338480
B,300,4,mohriKShortest4,17693,23228710952
B,300,4,mohriKShortest8,25190,30821907264
B,300,4,mohrip,3232,4601846480
B,300,4,mohripKShortest12,9530,10617943192
B,300,4,mohripKShortest16,13646,14336628864
B,300,4,mohripKShortest20,18263,18985342160
B,300,4,mohripKShortest4,4499,6010101504
B,300,4,mohripKShortest8,6899,7977576520
B,300,64,dijkstra,6680,10573156448
B,300,64,mohri,69784,102445224288
B,300,64,mohriKShortest12,237952,279918433280
B,300,64,mohriKShortest16,353441,390045365456
B,300,64,mohriKShortest20,518646,538206030480
B,300,64,mohriKShortest4,132160,177528641536
B,300,64,mohriKShortest8,157871,196570596400
B,300,64,mohrip,6280,9124421680
B,300,64,mohripKShortest12,67907,74009626336
B,300,64,mohripKShortest16,104536,109010694112
B,300,64,mohripKShortest20,147129,152706622048
B,300,64,mohripKShortest4,24768,31281258712
B,300,64,mohripKShortest8,40617,48217565552
B,300,8,dijkstra,6982,10657928176
B,300,8,mohri,3632,5375210256
B,300,8,mohriKShortest12,15984,17208455376
B,300,8,mohriKShortest16,23594,24986468344
B,300,8,mohriKShortest20,34997,35887747056
B,300,8,mohriKShortest4,6345,8060652872
B,300,8,mohriKShortest8,10359,12000684688
B,300,8,mohrip,3170,4636047960
B,300,8,mohripKShortest12,11468,12622363248
B,300,8,mohripKShortest16,16307,17288611480
B,300,8,mohripKShortest20,22968,23402183568
B,300,8,mohripKShortest4,5514,6988706656
B,300,8,mohripKShortest8,8206,9316479760
B,350,128,dijkstra,10952,16624951752
B,350,128,mohri,124578,177333584904
B,350,128,mohriKShortest12,1373563,1586205920112
B,350,128,mohriKShortest16,2118398,2346529024392
B,350,128,mohriKShortest20,3187417,3480143371736
B,350,128,mohriKShortest4,388216,507732982456
B,350,128,mohriKShortest8,776527,935059978392
B,350,128,mohrip,14799,21432320504
B,350,128,mohripKShortest12,172624,198963623080
B,350,128,mohripKShortest16,269325,298354411448
B,350,128,mohripKShortest20,420904,453487011888
B,350,128,mohripKShortest4,44201,57274533648
B,350,128,mohripKShortest8,96614,118790823288
B,350,16,dijkstra,10628,16854510800
B,350,16,mohri,24364,36725835120
B,350,16,mohriKShortest12,77191,89891098560
B,350,16,mohriKShortest16,107887,121343630584
B,350,16,mohriKShortest20,155711,168887369176
B,350,16,mohriKShortest4,41817,55984880376
B,350,16,mohriKShortest8,55695,69257018504
B,350,16,mohrip,5123,7740319976
B,350,16,mohripKShortest12,28293,31890199872
B,350,16,mohripKShortest16,41866,45409060264
B,350,16,mohripKShortest20,58950,63196425464
B,350,16,mohripKShortest4,12049,16017119352
B,350,16,mohripKShortest8,18182,22310905336
B,350,256,dijkstra,10541,16605832400
B,350,256,mohri,112076,168319090824
B,350,256,mohriKShortest12,1363941,1568046214832
B,350,256,mohriKShortest16,2087276,2355036359520
B,350,256,mohriKShortest20,3212242,3389326571824
B,350,256,mohriKShortest4,382929,521066856920
B,350,256,mohriKShortest8,787350,988565832344
B,350,256,mohrip,12840,19434640728
B,350,256,mohripKShortest12,278632,313705539168
B,350,256,mohripKShortest16,449183,490185603344
B,350,256,mohripKShortest20,701610,721810268432
B,350,256,mohripKShortest4,78750,95506157224
B,350,256,mohripKShortest8,174241,192185651816
B,350,2,dijkstra,11017,16855441448
B,350,2,mohri,4999,7390179640
B,350,2,mohriKShortest12,13338,14024437984
B,350,2,mohriKShortest16,18008,18535306472
B,350,2,mohriKShortest20,24675,24504685072
B,350,2,mohriKShortest4,6964,8629247216
B,350,2,mohriKShortest8,9424,10774524336
B,350,2,mohrip,4964,7286501064
B,350,2,mohripKShortest12,10972,12040180728
B,350,2,mohripKShortest16,14232,15041139976
B,350,2,mohripKShortest20,17999,18753027232
B,350,2,mohripKShortest4,6672,8249718112
B,350,2,mohripKShortest8,8211,9799825720
B,350,32,dijkstra,11228,16845863472
B,350,32,mohri,11099,15620985864
B,350,32,mohriKShortest12,62225,69636787360
B,350,32,mohriKShortest16,85695,92232687096
B,350,32,mohriKShortest20,122792,128261189800
B,350,32,mohriKShortest4,25977,32942175120
B,350,32,mohriKShortest8,40024,47415315176
B,350,32,mohrip,8168,11412964056
B,350,32,mohripKShortest12,56560,60842194808
B,350,32,mohripKShortest16,80829,84145898728
B,350,32,mohripKShortest20,109526,112974664016
B,350,32,mohripKShortest4,21718,27306457800
B,350,32,mohripKShortest8,36658,42985094184
B,350,4,dijkstra,11560,16855540392
B,350,4,mohri,10436,14907647568
B,350,4,mohriKShortest12,36186,40634626904
B,350,4,mohriKShortest16,48519,52499441352
B,350,4,mohriKShortest20,64766,67861436976
B,350,4,mohriKShortest4,20265,26106895752
B,350,4,mohriKShortest8,27465,31930010976
B,350,4,mohrip,5230,7292472536
B,350,4,mohripKShortest12,14311,15736595648
B,350,4,mohripKShortest16,19460,20569983064
B,350,4,mohripKShortest20,26061,26799197040
B,350,4,mohripKShortest4,7458,9722626544
B,350,4,mohripKShortest8,10524,12134345272
B,350,64,dijkstra,10804,16787930704
B,350,64,mohri,96297,138888988640
B,350,64,mohriKShortest12,554782,651239665288
B,350,64,mohriKShortest16,834731,928237439104
B,350,64,mohriKShortest20,1185912,1327753281248
B,350,64,mohriKShortest4,199528,262160842608
B,350,64,mohriKShortest8,331626,415503274328
B,350,64,mohrip,8972,13082761072
B,350,64,mohripKShortest12,119514,140673738816
B,350,64,mohripKShortest16,189795,214699966200
B,350,64,mohripKShortest20,278616,306512360168
B,350,64,mohripKShortest4,35136,47020205776
B,350,64,mohripKShortest8,71524,88879206936
B,350,8,dijkstra,10530,16855351112
B,350,8,mohri,8537,12968008440
B,350,8,mohriKShortest12,36017,42272292928
B,350,8,mohriKShortest16,53838,60509645720
B,350,8,mohriKShortest20,77202,84230558712
B,350,8,mohriKShortest4,15182,20500417184
B,350,8,mohriKShortest8,22575,27971056280
B,350,8,mohrip,4887,7381072920
B,350,8,mohripKShortest12,19854,23038937248
B,350,8,mohripKShortest16,29064,31992539688
B,350,8,mohripKShortest20,41309,44417992248
B,350,8,mohripKShortest4,8259,11323049408
B,350,8,mohripKShortest8,13461,16697823008
B,400,128,dijkstra,15690,24785153952
B,400,128,mohri,110805,167033530320
B,400,128,mohriKShortest12,898547,1101802100080
B,400,128,mohriKShortest16,1410051,1660722825832
B,400,128,mohriKShortest20,2129619,2424884435568
B,400,128,mohriKShortest4,298187,411795651600
B,400,128,mohriKShortest8,537317,693591321064
B,400,128,mohrip,18884,28655885584
B,400,128,mohripKShortest12,241692,290904363688
B,400,128,mohripKShortest16,379257,438527788080
B,400,128,mohripKShortest20,548153,614318072936
B,400,128,mohripKShortest4,81607,111478073336
B,400,128,mohripKShortest8,151803,194267050592
B,400,16,dijkstra,15618,25086603144
B,400,16,mohri,38774,58697829608
B,400,16,mohriKShortest12,138620,168545929072
B,400,16,mohriKShortest16,189483,220343825016
B,400,16,mohriKShortest20,258897,291752319664
B,400,16,mohriKShortest4,71602,99050460608
B,400,16,mohriKShortest8,96948,124396383552
B,400,16,mohrip,7377,11210457056
B,400,16,mohripKShortest12,27558,32527341408
B,400,16,mohripKShortest16,39045,43963870032
B,400,16,mohripKShortest20,54635,59750246120
B,400,16,mohripKShortest4,12428,17003642752
B,400,16,mohripKShortest8,19027,23846162496
B,400,256,dijkstra,15728,24778566016
B,400,256,mohri,116687,175306723704
B,400,256,mohriKShortest12,1869118,2295654577672
B,400,256,mohriKShortest16,3058470,3601744135448
B,400,256,mohriKShortest20,5016240,5339903867048
B,400,256,mohriKShortest4,462404,639738938744
B,400,256,mohriKShortest8,1046036,1352139596728
B,400,256,mohrip,24905,37567454840
B,400,256,mohripKShortest12,526812,613907195176
B,400,256,mohripKShortest16,831499,928593724536
B,400,256,mohripKShortest20,1234507,1323577671120
B,400,256,mohripKShortest4,149786,205814295072
B,400,256,mohripKShortest8,314924,379758479728
B,400,2,dijkstra,16091,25089596816
B,400,2,mohri,14428,22097048600
B,400,2,mohriKShortest12,38429,43383747576
B,400,2,mohriKShortest16,53337,56523990472
B,400,2,mohriKShortest20,74445,73684644264
B,400,2,mohriKShortest4,22287,29419824576
B,400,2,mohriKShortest8,26727,33697901872
B,400,2,mohrip,7193,10859423200
B,400,2,mohripKShortest12,19946,22551324176
B,400,2,mohripKShortest16,27995,30047514008
B,400,2,mohripKShortest20,39212,40054688176
B,400,2,mohripKShortest4,10883,13636094280
B,400,2,mohripKShortest8,14271,17248022984
B,400,32,dijkstra,16889,25074065344
B,400,32,mohri,68661,99380840088
B,400,32,mohriKShortest12,270253,325197412216
B,400,32,mohriKShortest16,387168,441090119496
B,400,32,mohriKShortest20,539184,589413251976
B,400,32,mohriKShortest4,108667,146778243824
B,400,32,mohriKShortest8,176950,223335331784
B,400,32,mohrip,10054,14178371480
B,400,32,mohripKShortest12,75746,87830208656
B,400,32,mohripKShortest16,112933,126874989376
B,400,32,mohripKShortest20,171118,177843042448
B,400,32,mohripKShortest4,28298,37134447928
B,400,32,mohripKShortest8,48692,60612097608
B,400,4,dijkstra,16948,25089699920
B,400,4,mohri,11985,16512494144
B,400,4,mohriKShortest12,34140,36996771360
B,400,4,mohriKShortest16,44681,46975312088
B,400,4,mohriKShortest20,59094,59863627744
B,400,4,mohriKShortest4,23864,30921013440
B,400,4,mohriKShortest8,25478,29529935976
B,400,4,mohrip,7527,10868574840
B,400,4,mohripKShortest12,18692,20202862680
B,400,4,mohripKShortest16,24651,25626903720
B,400,4,mohripKShortest20,31507,32633790248
B,400,4,mohripKShortest4,11429,13716975736
B,400,4,mohripKShortest8,13662,16277928160
B,400,64,dijkstra,16603,24984386760
B,400,64,mohri,116931,162665404704
B,400,64,mohriKShortest12,613536,692001196456
B,400,64,mohriKShortest16,858650,978311627688
B,400,64,mohriKShortest20,1217404,1345232940904
B,400,64,mohriKShortest4,272926,341409448976
B,400,64,mohriKShortest8,401475,483586017360
B,400,64,mohrip,14799,21160783928
B,400,64,mohripKShortest12,88470,100117669592
B,400,64,mohripKShortest16,133202,147560948960
B,400,64,mohripKShortest20,190391,205842738336
B,400,64,mohripKShortest4,32374,43217968576
B,400,64,mohripKShortest8,54952,68055875024
B,400,8,dijkstra,15792,25089149320
B,400,8,mohri,7632,11614011992
B,400,8,mohriKShortest12,23735,28179740200
B,400,8,mohriKShortest16,32279,37045694200
B,400,8,mohriKShortest20,44815,49000668256
B,400,8,mohriKShortest4,14924,20430800816
B,400,8,mohriKShortest8,19623,25059654272
B,400,8,mohrip,7130,10904300952
B,400,8,mohripKShortest12,20475,23956748312
B,400,8,mohripKShortest16,28436,31897305424
B,400,8,mohripKShortest20,39868,42539412856
B,400,8,mohripKShortest4,10673,14476751608
B,400,8,mohripKShortest8,14305,18079544376
B,50,128,dijkstra,26,54682320
B,50,128,mohri,37,77465568
B,50,128,mohriKShortest12,3321,3366993840
B,50,128,mohriKShortest16,6363,6367678472
B,50,128,mohriKShortest20,10838,10863766928
B,50,128,mohriKShortest4,390,456238744
B,50,128,mohriKShortest8,1340,1429505408
B,50,128,mohrip,18,39975048
B,50,128,mohripKShortest12,2955,2986494544
B,50,128,mohripKShortest16,5830,5749675176
B,50,128,mohripKShortest20,9847,9862365440
B,50,128,mohripKShortest4,357,373358296
B,50,128,mohripKShortest8,1256,1268991144
B,50,16,dijkstra,26,54658880
B,50,16,mohri,30,70689816
B,50,16,mohriKShortest12,1611,1640351232
B,50,16,mohriKShortest16,2894,2947355064
B,50,16,mohriKShortest20,4707,4773015024
B,50,16,mohriKShortest4,215,265425296
B,50,16,mohriKShortest8,731,748502224
B,50,16,mohrip,13,30456352
B,50,16,mohripKShortest12,1296,1267039040
B,50,16,mohripKShortest16,2459,2463719672
B,50,16,mohripKShortest20,4195,4145182456
B,50,16,mohripKShortest4,171,194918704
B,50,16,mohripKShortest8,524,537979440
B,50,256,dijkstra,31,54721824
B,50,256,mohri,76,175312192
B,50,256,mohriKShortest12,5494,5542630760
B,50,256,mohriKShortest16,10481,10440720192
B,50,256,mohriKShortest20,17972,17854631200
B,50,256,mohriKShortest4,726,856068808
B,50,256,mohriKShortest8,2429,2488525600
B,50,256,mohrip,28,47400568
B,50,256,mohripKShortest12,2844,2799589912
B,50,256,mohripKShortest16,5665,5499527720
B,50,256,mohripKShortest20,9621,9389787936
B,50,256,mohripKShortest4,322,364768464
B,50,256,mohripKShortest8,1186,1216889912
B,50,2,dijkstra,31,54927352
B,50,2,mohri,19,37245792
B,50,2,mohriKShortest12,436,421585968
B,50,2,mohriKShortest16,814,807460464
B,50,2,mohriKShortest20,1405,1380067448
B,50,2,mohriKShortest4,74,81572920
B,50,2,mohriKShortest8,197,196630600
B,50,2,mohrip,14,22825064
B,50,2,mohripKShortest12,372,371748040
B,50,2,mohripKShortest16,679,653872928
B,50,2,mohripKShortest20,1096,1059712936
B,50,2,mohripKShortest4,50,62031248
B,50,2,mohripKShortest8,184,196605048
B,50,32,dijkstra,31,54455928
B,50,32,mohri,47,106496712
B,50,32,mohriKShortest12,3321,3170019144
B,50,32,mohriKShortest16,6131,6036720528
B,50,32,mohriKShortest20,10298,10294447736
B,50,32,mohriKShortest4,354,409656184
B,50,32,mohriKShortest8,1417,1406313296
B,50,32,mohrip,23,52215664
B,50,32,mohripKShortest12,1483,1500730888
B,50,32,mohripKShortest16,2667,2616653496
B,50,32,mohripKShortest20,4525,4431242224
B,50,32,mohripKShortest4,175,191307024
B,50,32,mohripKShortest8,594,596307776
B,50,4,dijkstra,28,54907624
B,50,4,mohri,20,27846040
B,50,4,mohriKShortest12,500,505172288
B,50,4,mohriKShortest16,1001,1005046912
B,50,4,mohriKShortest20,1515,1527613352
B,50,4,mohriKShortest4,83,87813520
B,50,4,mohriKShortest8,206,221602240
B,50,4,mohrip,20,23435456
B,50,4,mohripKShortest12,238,242958600
B,50,4,mohripKShortest16,401,398013488
B,50,4,mohripKShortest20,609,616230344
B,50,4,mohripKShortest4,55,58871224
B,50,4,mohripKShortest8,161,165152184
B,50,64,dijkstra,30,54618304
B,50,64,mohri,61,131553720
B,50,64,mohriKShortest12,3522,3605926344
B,50,64,mohriKShortest16,6943,6856121344
B,50,64,mohriKShortest20,11598,11639286392
B,50,64,mohriKShortest4,434,519630112
B,50,64,mohriKShortest8,1433,1519779328
B,50,64,mohrip,19,42716080
B,50,64,mohripKShortest12,2243,2243480256
B,50,64,mohripKShortest16,4389,4311190192
B,50,64,mohripKShortest20,7400,7319920176
B,50,64,mohripKShortest4,264,300791936
B,50,64,mohripKShortest8,925,938523752
B,50,8,dijkstra,31,54883624
B,50,8,mohri,12,37987336
B,50,8,mohriKShortest12,947,963266600
B,50,8,mohriKShortest16,1846,1825692008
B,50,8,mohriKShortest20,3092,3083898408
B,50,8,mohriKShortest4,131,154833304
B,50,8,mohriKShortest8,406,429904792
B,50,8,mohrip,12,25494312
B,50,8,mohripKShortest12,647,648424216
B,50,8,mohripKShortest16,1177,1150168392
B,50,8,mohripKShortest20,1995,1997087168
B,50,8,mohripKShortest4,92,107452344
B,50,8,mohripKShortest8,271,290581576
C,100,128,dijkstra,215,411177480
C,100,128,mohri,441,854750704
C,100,128,mohriKShortest12,23098,24160819040
C,100,128,mohriKShortest16,43149,43736133616
C,100,128,mohriKShortest20,72316,72281918384
C,100,128,mohriKShortest4,3210,4090891856
C,100,128,mohriKShortest8,10424,11407183152
C,100,128,mohrip,211,417922952
C,100,128,mohripKShortest12,19654,20075796976
C,100,128,mohripKShortest16,35728,35647181960
C,100,128,mohripKShortest20,58497,58395108896
C,100,128,mohripKShortest4,2958,3694461096
C,100,128,mohripKShortest8,8807,9546529304
C,100,16,dijkstra,237,419560912
C,100,16,mohri,189,351321448
C,100,16,mohriKShortest12,3545,3522551984
C,100,16,mohriKShortest16,5955,5931478336
C,100,16,mohriKShortest20,9587,9317131552
C,100,16,mohriKShortest4,752,931949168
C,100,16,mohriKShortest8,1803,1919094776
C,100,16,mohrip,124,221080744
C,100,16,mohripKShortest12,3328,3393687984
C,100,16,mohripKShortest16,5859,5720018264
C,100,16,mohripKShortest20,9256,9179911480
C,100,16,mohripKShortest4,541,649807768
C,100,16,mohripKShortest8,1707,1865948632
C,100,256,dijkstra,213,408160352
C,100,256,mohri,299,513605064
C,100,256,mohriKShortest12,12917,13289097040
C,100,256,mohriKShortest16,23742,24024694576
C,100,256,mohriKShortest20,39264,39550144312
C,100,256,mohriKShortest4,1739,2211401936
C,100,256,mohriKShortest8,5886,6332111304
C,100,256,mohrip,185,375575512
C,100,256,mohripKShortest12,12880,13254720248
C,100,256,mohripKShortest16,23213,23514422576
C,100,256,mohripKShortest20,38683,38515421504
C,100,256,mohripKShortest4,1603,2005059960
C,100,256,mohripKShortest8,5684,6267621752
C,100,2,dijkstra,213,419671080
C,100,2,mohri,75,182365384
C,100,2,mohriKShortest12,836,854902752
C,100,2,mohriKShortest16,1406,1389622120
C,100,2,mohriKShortest20,2198,2144051488
C,100,2,mohriKShortest4,248,286314120
C,100,2,mohriKShortest8,469,498605408
C,100,2,mohrip,94,175551432
C,100,2,mohripKShortest12,877,905709440
C,100,2,mohripKShortest16,1514,1504427016
C,100,2,mohripKShortest20,2361,2337564968
C,100,2,mohripKShortest4,227,277288792
C,100,2,mohripKShortest8,507,537281712
C,100,32,dijkstra,223,417819560
C,100,32,mohri,245,465341704
C,100,32,mohriKShortest12,4171,4323296568
C,100,32,mohriKShortest16,7359,7480149088
C,100,32,mohriKShortest20,11812,11904919192
C,100,32,mohriKShortest4,915,1098919672
C,100,32,mohriKShortest8,2184,2303847360
C,100,32,mohrip,137,265601784
C,100,32,mohripKShortest12,5041,5134713584
C,100,32,mohripKShortest16,8453,8538620216
C,100,32,mohripKShortest20,13650,13417904728
C,100,32,mohripKShortest4,1010,1256347168
C,100,32,mohripKShortest8,2639,2877322248
C,100,4,dijkstra,212,419694288
C,100,4,mohri,88,182632824
C,100,4,mohriKShortest12,1120,1152775136
C,100,4,mohriKShortest16,2020,2006719144
C,100,4,mohriKShortest20,3234,3224921344
C,100,4,mohriKShortest4,287,335355120
C,100,4,mohriKShortest8,567,610061600
C,100,4,mohrip,90,175838880
C,100,4,mohripKShortest12,866,875897776
C,100,4,mohripKShortest16,1346,1351532672
C,100,4,mohripKShortest20,2064,2012575920
C,100,4,mohripKShortest4,235,312588880
C,100,4,mohripKShortest8,498,532892840
C,100,64,dijkstra,218,412991056
C,100,64,mohri,368,707450120
C,100,64,mohriKShortest12,14508,15342331400
C,100,64,mohriKShortest16,26864,27596091024
C,100,64,mohriKShortest20,44735,45015971304
C,100,64,mohriKShortest4,2230,2858779472
C,100,64,mohriKShortest8,6748,7400055856
C,100,64,mohrip,253,474097912
C,100,64,mohripKShortest12,12493,13062149848
C,100,64,mohripKShortest16,23501,23358336240
C,100,64,mohripKShortest20,38831,38622608736
C,100,64,mohripKShortest4,1978,2506688200
C,100,64,mohripKShortest8,6022,6617710248
C,100,8,dijkstra,243,419732152
C,100,8,mohri,123,204456888
C,100,8,mohriKShortest12,1787,1794426288
C,100,8,mohriKShortest16,3008,2987190984
C,100,8,mohriKShortest20,4740,4662116888
C,100,8,mohriKShortest4,431,495958312
C,100,8,mohriKShortest8,1046,1024125760
C,100,8,mohrip,89,176602584
C,100,8,mohripKShortest12,1525,1489385128
C,100,8,mohripKShortest16,2696,2582037720
C,100,8,mohripKShortest20,4239,4181817856
C,100,8,mohripKShortest4,334,414465024
C,100,8,mohripKShortest8,781,815246656
C,150,128,dijkstra,857,1356730736
C,150,128,mohri,1857,2952238552
C,150,128,mohriKShortest12,55416,58773434976
C,150,128,mohriKShortest16,97531,100156474816
C,150,128,mohriKShortest20,158180,160404592056
C,150,128,mohriKShortest4,9756,12179408824
C,150,128,mohriKShortest8,26248,29774000640
C,150,128,mohrip,1044,1662327104
C,150,128,mohripKShortest12,38086,39696208384
C,150,128,mohripKShortest16,73826,74153611480
C,150,128,mohripKShortest20,110879,111117442016
C,150,128,mohripKShortest4,8344,10223293080
C,150,128,mohripKShortest8,21037,23050203536
C,150,16,dijkstra,861,1385779152
C,150,16,mohri,729,1128460168
C,150,16,mohriKShortest12,6959,7105921216
C,150,16,mohriKShortest16,10734,10789426568
C,150,16,mohriKShortest20,16236,16332389688
C,150,16,mohriKShortest4,1842,2137395480
C,150,16,mohriKShortest8,3855,4030988176
C,150,16,mohrip,418,688994472
C,150,16,mohripKShortest12,6291,6376072768
C,150,16,mohripKShortest16,10388,10368874848
C,150,16,mohripKShortest20,15451,15562090464
C,150,16,mohripKShortest4,1656,2021977760
C,150,16,mohripKShortest8,3229,3507460656
C,150,256,dijkstra,842,1353725176
C,150,256,mohri,1229,1983930736
C,150,256,mohriKShortest12,41224,41179148912
C,150,256,mohriKShortest16,75436,73133084480
C,150,256,mohriKShortest20,143874,135488339856
C,150,256,mohriKShortest4,6814,8087909336
C,150,256,mohriKShortest8,19360,20566600816
C,150,256,mohrip,800,1253256480
C,150,256,mohripKShortest12,35645,36242733752
C,150,256,mohripKShortest16,62040,62887858120
C,150,256,mohripKShortest20,110500,108739189392
C,150,256,mohripKShortest4,6554,7331401872
C,150,256,mohripKShortest8,17658,18261170432
C,150,2,dijkstra,894,1386301264
C,150,2,mohri,391,582551208
C,150,2,mohriKShortest12,2041,1958466528
C,150,2,mohriKShortest16,3129,2978883680
C,150,2,mohriKShortest20,4831,4381931880
C,150,2,mohriKShortest4,687,819684112
C,150,2,mohriKShortest8,1226,1256284464
C,150,2,mohrip,400,583102560
C,150,2,mohripKShortest12,1651,1621630152
C,150,2,mohripKShortest16,2422,2257150360
C,150,2,mohripKShortest20,3398,3070093224
C,150,2,mohripKShortest4,658,793336328
C,150,2,mohripKShortest8,1074,1131441584
C,150,32,dijkstra,958,1381719040
C,150,32,mohri,1095,1579394888
C,150,32,mohriKShortest12,16621,15675915464
C,150,32,mohriKShortest16,27019,25481388888
C,150,32,mohriKShortest20,40890,38226147664
C,150,32,mohriKShortest4,3601,4002185232
C,150,32,mohriKShortest8,9182,8835255768
C,150,32,mohrip,605,866249712
C,150,32,mohripKShortest12,12786,12673454216
C,150,32,mohripKShortest16,20982,20691965792
C,150,32,mohripKShortest20,31923,32025332928
C,150,32,mohripKShortest4,3187,3622679792
C,150,32,mohripKShortest8,6966,7196275008
C,150,4,dijkstra,845,1386357800
C,150,4,mohri,394,623462184
C,150,4,mohriKShortest12,3161,3157234848
C,150,4,mohriKShortest16,5462,5365678248
C,150,4,mohriKShortest20,7419,7310967872
C,150,4,mohriKShortest4,779,956413360
C,150,4,mohriKShortest8,1663,1737594432
C,150,4,mohrip,364,584632976
C,150,4,mohripKShortest12,3086,3103411000
C,150,4,mohripKShortest16,5102,5054144264
C,150,4,mohripKShortest20,8031,7880317656
C,150,4,mohripKShortest4,859,1063872480
C,150,4,mohripKShortest8,1738,1846794000
C,150,64,dijkstra,872,1367796800
C,150,64,mohri,949,1427686672
C,150,64,mohriKShortest12,21521,21467110960
C,150,64,mohriKShortest16,36554,37234718128
C,150,64,mohriKShortest20,59924,60702157920
C,150,64,mohriKShortest4,3564,4394849824
C,150,64,mohriKShortest8,9947,10421085088
C,150,64,mohrip,661,1035417040
C,150,64,mohripKShortest12,18600,19197153496
C,150,64,mohripKShortest16,33347,33662233728
C,150,64,mohripKShortest20,53303,53344676864
C,150,64,mohripKShortest4,3537,4315314800
C,150,64,mohripKShortest8,9336,10053292416
C,150,8,dijkstra,885,1386342240
C,150,8,mohri,390,612520440
C,150,8,mohriKShortest12,2790,2846134088
C,150,8,mohriKShortest16,4947,4929717888
C,150,8,mohriKShortest20,7441,7429866568
C,150,8,mohriKShortest4,900,1014060448
C,150,8,mohriKShortest8,1617,1697847224
C,150,8,mohrip,367,585708856
C,150,8,mohripKShortest12,1856,1928741768
C,150,8,mohripKShortest16,2873,2891746000
C,150,8,mohripKShortest20,4025,4012127856
C,150,8,mohripKShortest4,700,863171680
C,150,8,mohripKShortest8,1287,1386697352
C,200,128,dijkstra,1989,3175363312
C,200,128,mohri,3587,5450993592
C,200,128,mohriKShortest12,71206,77123606152
C,200,128,mohriKShortest16,123892,126665418104
C,200,128,mohriKShortest20,194001,199335315760
C,200,128,mohriKShortest4,15749,19892282616
C,200,128,mohriKShortest8,37633,43295129200
C,200,128,mohrip,2165,3312328840
C,200,128,mohripKShortest12,67863,72119378904
C,200,128,mohripKShortest16,111845,115935833872
C,200,128,mohripKShortest20,176914,180796728144
C,200,128,mohripKShortest4,15057,18883364736
C,200,128,mohripKShortest8,35015,39846259064
C,200,16,dijkstra,1991,3247500696
C,200,16,mohri,1086,1663876616
C,200,16,mohriKShortest12,5343,5761618744
C,200,16,mohriKShortest16,10123,10599362448
C,200,16,mohriKShortest20,14286,14257007592
C,200,16,mohriKShortest4,1892,2356640632
C,200,16,mohriKShortest8,3250,3661320760
C,200,16,mohrip,935,1441369416
C,200,16,mohripKShortest12,7052,7341314848
C,200,16,mohripKShortest16,11265,11591331536
C,200,16,mohripKShortest20,15647,15941756912
C,200,16,mohripKShortest4,2140,2703557888
C,200,16,mohripKShortest8,4053,4601515712
C,200,256,dijkstra,1943,3161802424
C,200,256,mohri,3967,6283032368
C,200,256,mohriKShortest12,112231,122209231776
C,200,256,mohriKShortest16,201778,210007331560
C,200,256,mohriKShortest20,326749,332890517440
C,200,256,mohriKShortest4,20617,26613540216
C,200,256,mohriKShortest8,55075,64255257360
C,200,256,mohrip,2115,3257548816
C,200,256,mohripKShortest12,91320,98136882912
C,200,256,mohripKShortest16,162019,163632677256
C,200,256,mohripKShortest20,281647,261772657280
C,200,256,mohripKShortest4,18326,22885829168
C,200,256,mohripKShortest8,45962,52275893184
C,200,2,dijkstra,2238,3247674584
C,200,2,mohri,1032,1379064360
C,200,2,mohriKShortest12,4175,3961542672
C,200,2,mohriKShortest16,6351,5828645392
C,200,2,mohriKShortest20,9402,8388391656
C,200,2,mohriKShortest4,1587,1835483120
C,200,2,mohriKShortest8,2679,2668764232
C,200,2,mohrip,989,1372629248
C,200,2,mohripKShortest12,4110,3378654344
C,200,2,mohripKShortest16,5289,4687413560
C,200,2,mohripKShortest20,7392,6390073816
C,200,2,mohripKShortest4,1662,1763905112
C,200,2,mohripKShortest8,2846,2418641704
C,200,32,dijkstra,2242,3246003808
C,200,32,mohri,1865,2509327416
C,200,32,mohriKShortest12,15777,14934770904
C,200,32,mohriKShortest16,23105,21695533144
C,200,32,mohriKShortest20,40293,36380830200
C,200,32,mohriKShortest4,4462,4830741336
C,200,32,mohriKShortest8,8845,8729117600
C,200,32,mohrip,1173,1589661064
C,200,32,mohripKShortest12,15992,15826582592
C,200,32,mohripKShortest16,25918,24575692496
C,200,32,mohripKShortest20,39604,36131412008
C,200,32,mohripKShortest4,5125,5873702680
C,200,32,mohripKShortest8,9244,9646611880
C,200,4,dijkstra,2528,3247748216
C,200,4,mohri,1167,1395963704
C,200,4,mohriKShortest12,4303,3806434080
C,200,4,mohriKShortest16,6189,5419300416
C,200,4,mohriKShortest20,8700,7569004224
C,200,4,mohriKShortest4,1813,1874519096
C,200,4,mohriKShortest8,2897,2657906272
C,200,4,mohrip,1145,1374924248
C,200,4,mohripKShortest12,3697,3643968640
C,200,4,mohripKShortest16,5739,5188453496
C,200,4,mohripKShortest20,8431,7168667344
C,200,4,mohripKShortest4,1746,1856195296
C,200,4,mohripKShortest8,2754,2571175608
C,200,64,dijkstra,2272,3220821520
C,200,64,mohri,3267,4374298128
C,200,64,mohriKShortest12,46854,41743377472
C,200,64,mohriKShortest16,67863,70468879424
C,200,64,mohriKShortest20,105935,107704029008
C,200,64,mohriKShortest4,11958,11476795840
C,200,64,mohriKShortest8,25843,23487765288
C,200,64,mohrip,1750,2323047232
C,200,64,mohripKShortest12,33689,34666043360
C,200,64,mohripKShortest16,53617,54753142176
C,200,64,mohripKShortest20,85223,85645619240
C,200,64,mohripKShortest4,8088,10069386288
C,200,64,mohripKShortest8,18280,20497593648
C,200,8,dijkstra,2026,3247859296
C,200,8,mohri,1078,1634936752
C,200,8,mohriKShortest12,7505,7944765312
C,200,8,mohriKShortest16,12547,12706922456
C,200,8,mohriKShortest20,19558,19543920240
C,200,8,mohriKShortest4,2272,2821278640
C,200,8,mohriKShortest8,4202,4724687288
C,200,8,mohrip,875,1377441464
C,200,8,mohripKShortest12,8094,8247929760
C,200,8,mohripKShortest16,13691,13455785896
C,200,8,mohripKShortest20,20996,20980628504
C,200,8,mohripKShortest4,2319,2785370776
C,200,8,mohripKShortest8,4653,4843956360
C,250,128,dijkstra,4525,6188979528
C,250,128,mohri,7319,10725610088
C,250,128,mohriKShortest12,89713,93666934528
C,250,128,mohriKShortest16,143713,151493738320
C,250,128,mohriKShortest20,222709,228194846520
C,250,128,mohriKShortest4,21273,25886263512
C,250,128,mohriKShortest8,47061,52520716984
C,250,128,mohrip,5803,8441239032
C,250,128,mohripKShortest12,89530,98608910400
C,250,128,mohripKShortest16,150279,158393154048
C,250,128,mohripKShortest20,226397,234524229288
C,250,128,mohripKShortest4,23003,28437738744
C,250,128,mohripKShortest8,49247,56036521744
C,250,16,dijkstra,3978,6297191656
C,250,16,mohri,2086,3108238936
C,250,16,mohriKShortest12,12164,13154358480
C,250,16,mohriKShortest16,19704,20486022312
C,250,16,mohriKShortest20,29854,30446504704
C,250,16,mohriKShortest4,4065,5037177096
C,250,16,mohriKShortest8,6411,7340737000
C,250,16,mohrip,1831,2721472792
C,250,16,mohripKShortest12,9502,10259840632
C,250,16,mohripKShortest16,14438,15034056184
C,250,16,mohripKShortest20,20882,21261881224
C,250,16,mohripKShortest4,3898,4929747680
C,250,16,mohripKShortest8,5946,6763947936
C,250,256,dijkstra,3908,6144498792
C,250,256,mohri,6558,9663285008
C,250,256,mohriKShortest12,113270,125263599800
C,250,256,mohriKShortest16,196341,208729513568
C,250,256,mohriKShortest20,307923,321775408928
C,250,256,mohriKShortest4,23944,30555704400
C,250,256,mohriKShortest8,59483,69813588952
C,250,256,mohrip,4850,7345973688
C,250,256,mohripKShortest12,109665,120916202808
C,250,256,mohripKShortest16,195823,209032544152
C,250,256,mohripKShortest20,284484,293098542112
C,250,256,mohripKShortest4,24808,32060169632
C,250,256,mohripKShortest8,60834,71478838384
C,250,2,dijkstra,3970,6297498016
C,250,2,mohri,1808,2700101200
C,250,2,mohriKShortest12,6331,6723581184
C,250,2,mohriKShortest16,9374,9587089408
C,250,2,mohriKShortest20,13451,13498131704
C,250,2,mohriKShortest4,2644,3437122352
C,250,2,mohriKShortest8,4143,4700025944
C,250,2,mohrip,1761,2668957912
C,250,2,mohripKShortest12,5928,6353893328
C,250,2,mohripKShortest16,8401,8680241432
C,250,2,mohripKShortest20,11653,11800252880
C,250,2,mohripKShortest4,2631,3362231160
C,250,2,mohripKShortest8,3942,4571875888
C,250,32,dijkstra,3963,6293008808
C,250,32,mohri,3767,5603531928
C,250,32,mohriKShortest12,26492,28811580944
C,250,32,mohriKShortest16,42223,44131096680
C,250,32,mohriKShortest20,63795,65125544864
C,250,32,mohriKShortest4,7888,9944339304
C,250,32,mohriKShortest8,15764,17930468264
C,250,32,mohrip,1964,3056894920
C,250,32,mohripKShortest12,25188,27135660176
C,250,32,mohripKShortest16,39425,40971240840
C,250,32,mohripKShortest20,60537,61525736800
C,250,32,mohripKShortest4,8238,10369742808
C,250,32,mohripKShortest8,14375,16324851184
C,250,4,dijkstra,3949,6297604096
C,250,4,mohri,1777,2693485392
C,250,4,mohriKShortest12,6495,7005297840
C,250,4,mohriKShortest16,9729,10084489240
C,250,4,mohriKShortest20,13943,14244161160
C,250,4,mohriKShortest4,2888,3669249672
C,250,4,mohriKShortest8,4271,4876070568
C,250,4,mohrip,1805,2673062856
C,250,4,mohripKShortest12,4845,5417052120
C,250,4,mohripKShortest16,6631,7071529488
C,250,4,mohripKShortest20,8818,9209121768
C,250,4,mohripKShortest4,2493,3268023560
C,250,4,mohripKShortest8,3539,4142107576
C,250,64,dijkstra,3930,6257950528
C,250,64,mohri,5456,7983978896
C,250,64,mohriKShortest12,65606,71510216680
C,250,64,mohriKShortest16,109167,113961925776
C,250,64,mohriKShortest20,169699,174872450848
C,250,64,mohriKShortest4,15370,18883011288
C,250,64,mohriKShortest8,36484,41377526736
C,250,64,mohrip,2531,3830401976
C,250,64,mohripKShortest12,49579,54158825400
C,250,64,mohripKShortest16,78141,81196363024
C,250,64,mohripKShortest20,116880,119613763656
C,250,64,mohripKShortest4,14831,18479951480
C,250,64,mohripKShortest8,29333,33673427760
C,250,8,dijkstra,3933,6297732496
C,250,8,mohri,2349,3462556432
C,250,8,mohriKShortest12,10826,11509801248
C,250,8,mohriKShortest16,16395,17007732832
C,250,8,mohriKShortest20,24248,24705585832
C,250,8,mohriKShortest4,3916,4920550288
C,250,8,mohriKShortest8,6633,7588107952
C,250,8,mohrip,1771,2677092360
C,250,8,mohripKShortest12,9761,10544464976
C,250,8,mohripKShortest16,14895,15376571936
C,250,8,mohripKShortest20,21684,21923715600
C,250,8,mohripKShortest4,3795,4788864384
C,250,8,mohripKShortest8,6098,6982177320
C,300,128,dijkstra,6799,10651131056
C,300,128,mohri,9503,13845440024
C,300,128,mohriKShortest12,120572,135698312824
C,300,128,mohriKShortest16,201610,219071189368
C,300,128,mohriKShortest20,300700,319505082832
C,300,128,mohriKShortest4,30671,39458251856
C,300,128,mohriKShortest8,68864,82644596224
C,300,128,mohrip,8107,12218865104
C,300,128,mohripKShortest12,124501,140606035408
C,300,128,mohripKShortest16,213984,232804354072
C,300,128,mohripKShortest20,334182,351702185440
C,300,128,mohripKShortest4,28844,37327336104
C,300,128,mohripKShortest8,69050,81977017400
C,300,16,dijkstra,6770,10828290192
C,300,16,mohri,3319,5078306968
C,300,16,mohriKShortest12,15133,16828981496
C,300,16,mohriKShortest16,23270,24813299624
C,300,16,mohriKShortest20,33637,34683817672
C,300,16,mohriKShortest4,5969,7738361736
C,300,16,mohriKShortest8,9502,11195009288
C,300,16,mohrip,3119,4675488688
C,300,16,mohripKShortest12,16158,17668090448
C,300,16,mohripKShortest16,25196,26326742200
C,300,16,mohripKShortest20,37097,38116134984
C,300,16,mohripKShortest4,5935,7657656344
C,300,16,mohripKShortest8,10129,11507313344
C,300,256,dijkstra,6662,10575029176
C,300,256,mohri,15056,22655064960
C,300,256,mohriKShortest12,221218,250918826616
C,300,256,mohriKShortest16,373990,404849854488
C,300,256,mohriKShortest20,579722,612433619792
C,300,256,mohriKShortest4,55017,71477164096
C,300,256,mohriKShortest8,120483,144660009088
C,300,256,mohrip,10148,15315139032
C,300,256,mohripKShortest12,180682,203877381320
C,300,256,mohripKShortest16,299896,328042888184
C,300,256,mohripKShortest20,489870,507227658344
C,300,256,mohripKShortest4,49543,64570245016
C,300,256,mohripKShortest8,103147,122955138968
C,300,2,dijkstra,6906,10827972312
C,300,2,mohri,3228,4629631072
C,300,2,mohriKShortest12,9505,10574342696
C,300,2,mohriKShortest16,13962,14553273992
C,300,2,mohriKShortest20,20172,20149628904
C,300,2,mohriKShortest4,4366,5689403832
C,300,2,mohriKShortest8,6375,7669444192
C,300,2,mohrip,3103,4599657784
C,300,2,mohripKShortest12,8220,9019862008
C,300,2,mohripKShortest16,11405,11939405656
C,300,2,mohripKShortest20,15647,15743757416
C,300,2,mohripKShortest4,4145,5445423064
C,300,2,mohripKShortest8,5931,6877900800
C,300,32,dijkstra,6897,10823852952
C,300,32,mohri,4251,6146822288
C,300,32,mohriKShortest12,27783,29070746568
C,300,32,mohriKShortest16,41094,42913069152
C,300,32,mohriKShortest20,59293,61012459752
C,300,32,mohriKShortest4,9495,11183822680
C,300,32,mohriKShortest8,16696,18708773624
C,300,32,mohrip,3383,4987919912
C,300,32,mohripKShortest12,22871,24724446368
C,300,32,mohripKShortest16,35664,36624611048
C,300,32,mohripKShortest20,56476,50827100352
C,300,32,mohripKShortest4,8403,10437756088
C,300,32,mohripKShortest8,14421,16566496672
C,300,4,dijkstra,7099,10828057664
C,300,4,mohri,3943,4823846536
C,300,4,mohriKShortest12,11140,11793077112
C,300,4,mohriKShortest16,15983,16730852784
C,300,4,mohriKShortest20,23292,23648026736
C,300,4,mohriKShortest4,4925,6204159832
C,300,4,mohriKShortest8,7335,8349951624
C,300,4,mohrip,3539,4605257792
C,300,4,mohripKShortest12,10898,11800827888
C,300,4,mohripKShortest16,15840,16475254512
C,300,4,mohripKShortest20,23130,22870831384
C,300,4,mohripKShortest4,5141,6522320176
C,300,4,mohripKShortest8,7535,8622641376
C,300,64,dijkstra,7643,10791284336
C,300,64,mohri,6286,8886210464
C,300,64,mohriKShortest12,55716,61177431368
C,300,64,mohriKShortest16,87755,91215343688
C,300,64,mohriKShortest20,128529,129960956400
C,300,64,mohriKShortest4,19175,22913670048
C,300,64,mohriKShortest8,34812,39459532424
C,300,64,mohrip,4650,6387833536
C,300,64,mohripKShortest12,60382,64734152832
C,300,64,mohripKShortest16,95609,99466394544
C,300,64,mohripKShortest20,150109,151040500480
C,300,64,mohripKShortest4,19459,24028518248
C,300,64,mohripKShortest8,35613,40498539704
C,300,8,dijkstra,7480,10828238224
C,300,8,mohri,3607,5230363728
C,300,8,mohriKShortest12,17053,15963543952
C,300,8,mohriKShortest16,28310,27006699688
C,300,8,mohriKShortest20,41699,39856319824
C,300,8,mohriKShortest4,6923,7846946080
C,300,8,mohriKShortest8,10351,10467584424
C,300,8,mohrip,3043,4609729768
C,300,8,mohripKShortest12,12642,13019203416
C,300,8,mohripKShortest16,18301,18051315168
C,300,8,mohripKShortest20,25410,24262311304
C,300,8,mohripKShortest4,5645,6656340808
C,300,8,mohripKShortest8,8192,9012380016
C,350,128,dijkstra,11030,16940561336
C,350,128,mohri,16075,23220258496
C,350,128,mohriKShortest12,153554,161557610928
C,350,128,mohriKShortest16,239138,233721177824
C,350,128,mohriKShortest20,363312,340510499280
C,350,128,mohriKShortest4,45597,55635028408
C,350,128,mohriKShortest8,88875,101439319064
C,350,128,mohrip,9937,14497665752
C,350,128,mohripKShortest12,149950,152807384272
C,350,128,mohripKShortest16,245091,225698666512
C,350,128,mohripKShortest20,338295,327568184224
C,350,128,mohripKShortest4,45747,52695136904
C,350,128,mohripKShortest8,90115,95576764528
C,350,16,dijkstra,10674,17128949104
C,350,16,mohri,5829,8780429008
C,350,16,mohriKShortest12,40122,44626664224
C,350,16,mohriKShortest16,65121,68826128216
C,350,16,mohriKShortest20,91810,93458881440
C,350,16,mohriKShortest4,11767,14958387696
C,350,16,mohriKShortest8,23348,27372863864
C,350,16,mohrip,4826,7350433032
C,350,16,mohripKShortest12,27153,29104531744
C,350,16,mohripKShortest16,42977,43816743504
C,350,16,mohripKShortest20,62788,62509798344
C,350,16,mohripKShortest4,11233,14360793400
C,350,16,mohripKShortest8,16939,19686204360
C,350,256,dijkstra,10660,16708326832
C,350,256,mohri,25405,36431719496
C,350,256,mohriKShortest12,356460,400184959120
C,350,256,mohriKShortest16,586406,629085070400
C,350,256,mohriKShortest20,902590,932551447304
C,350,256,mohriKShortest4,83839,110953510528
C,350,256,mohriKShortest8,192943,233321658016
C,350,256,mohrip,14127,21306468448
C,350,256,mohripKShortest12,299631,343060359384
C,350,256,mohripKShortest16,485676,521549253376
C,350,256,mohripKShortest20,726906,754133550144
C,350,256,mohripKShortest4,81588,104621528768
C,350,256,mohripKShortest8,168828,203639915752
C,350,2,dijkstra,10844,17128599512
C,350,2,mohri,4880,7329897488
C,350,2,mohriKShortest12,13454,15069790176
C,350,2,mohriKShortest16,18890,20248350760
C,350,2,mohriKShortest20,26111,27151555936
C,350,2,mohriKShortest4,6554,8740642344
C,350,2,mohriKShortest8,9338,11335625840
C,350,2,mohrip,4902,7289570672
C,350,2,mohripKShortest12,10748,12451924984
C,350,2,mohripKShortest16,14325,15641764032
C,350,2,mohripKShortest20,18626,19575375256
C,350,2,mohripKShortest4,6162,8345546136
C,350,2,mohripKShortest8,8238,10045353144
C,350,32,dijkstra,10817,17128106616
C,350,32,mohri,10795,15562272200
C,350,32,mohriKShortest12,69943,78500726696
C,350,32,mohriKShortest16,106351,115023631072
C,350,32,mohriKShortest20,153561,163450835704
C,350,32,mohriKShortest4,25220,32692147752
C,350,32,mohriKShortest8,45778,52618538288
C,350,32,mohrip,5651,8296372784
C,350,32,mohripKShortest12,58452,65742277328
C,350,32,mohripKShortest16,87857,94627571144
C,350,32,mohripKShortest20,124945,131372442192
C,350,32,mohripKShortest4,21281,27596571512
C,350,32,mohripKShortest8,33412,39414533280
C,350,4,dijkstra,10679,17128713008
C,350,4,mohri,4856,7359666584
C,350,4,mohriKShortest12,12594,14275033664
C,350,4,mohriKShortest16,17124,18813543048
C,350,4,mohriKShortest20,23512,24832434032
C,350,4,mohriKShortest4,6608,8769108480
C,350,4,mohriKShortest8,9104,10977224704
C,350,4,mohrip,4872,7296369208
C,350,4,mohripKShortest12,11839,13528066608
C,350,4,mohripKShortest16,16739,18149790432
C,350,4,mohripKShortest20,22484,23550948104
C,350,4,mohripKShortest4,6538,8844295360
C,350,4,mohripKShortest8,8922,10704960368
C,350,64,dijkstra,10837,17065687176
C,350,64,mohri,11135,15855443040
C,350,64,mohriKShortest12,103456,117927945832
C,350,64,mohriKShortest16,170531,187272417080
C,350,64,mohriKShortest20,256917,276605323016
C,350,64,mohriKShortest4,28485,37052213640
C,350,64,mohriKShortest8,58570,70748099464
C,350,64,mohrip,6670,10013572376
C,350,64,mohripKShortest12,74269,84287171056
C,350,64,mohripKShortest16,115373,126077922992
C,350,64,mohripKShortest20,167919,178703685400
C,350,64,mohripKShortest4,25904,33275165864
C,350,64,mohripKShortest8,45640,54621546032
C,350,8,dijkstra,10786,17128891520
C,350,8,mohri,5069,7597787064
C,350,8,mohriKShortest12,16230,18382958904
C,350,8,mohriKShortest16,22909,24868306000
C,350,8,mohriKShortest20,31722,33467655224
C,350,8,mohriKShortest4,7484,9886581304
C,350,8,mohriKShortest8,10922,13213555344
C,350,8,mohrip,4890,7301864064
C,350,8,mohripKShortest12,14477,16458349128
C,350,8,mohripKShortest16,20325,22028439856
C,350,8,mohripKShortest20,27870,29607430624
C,350,8,mohripKShortest4,7491,9557508112
C,350,8,mohripKShortest8,10120,12311484672
C,400,128,dijkstra,16714,25282560736
C,400,128,mohri,22250,32497816440
C,400,128,mohriKShortest12,202051,237166590592
C,400,128,mohriKShortest16,319938,361247615512
C,400,128,mohriKShortest20,481267,527072549144
C,400,128,mohriKShortest4,61243,81748945816
C,400,128,mohriKShortest8,118560,147724955896
C,400,128,mohrip,13617,20534681808
C,400,128,mohripKShortest12,129006,150793381520
C,400,128,mohripKShortest16,198671,222817408576
C,400,128,mohripKShortest20,289642,314654415336
C,400,128,mohripKShortest4,45576,61063999888
C,400,128,mohripKShortest8,82077,101725862832
C,400,16,dijkstra,16104,25497813824
C,400,16,mohri,8295,12510877000
C,400,16,mohriKShortest12,28591,32673832784
C,400,16,mohriKShortest16,40598,44550829640
C,400,16,mohriKShortest20,56810,60264118888
C,400,16,mohriKShortest4,13173,17426810888
C,400,16,mohriKShortest8,19917,24280208824
C,400,16,mohrip,7395,10943236824
C,400,16,mohripKShortest12,27128,31420828944
C,400,16,mohripKShortest16,38520,42449654232
C,400,16,mohripKShortest20,52176,56076375504
C,400,16,mohripKShortest4,13416,17888451056
C,400,16,mohripKShortest8,19168,23336861416
C,400,256,dijkstra,15673,24872700968
C,400,256,mohri,26569,39516427656
C,400,256,mohriKShortest12,254200,303071487656
C,400,256,mohriKShortest16,402652,459733317736
C,400,256,mohriKShortest20,604082,666299925880
C,400,256,mohriKShortest4,74249,100390424776
C,400,256,mohriKShortest8,147583,186284238624
C,400,256,mohrip,19554,29689679400
C,400,256,mohripKShortest12,234187,278640724944
C,400,256,mohripKShortest16,359794,409640746240
C,400,256,mohripKShortest20,538234,590968248264
C,400,256,mohripKShortest4,73723,100565454816
C,400,256,mohripKShortest8,141274,177752287648
C,400,2,dijkstra,16212,25497413448
C,400,2,mohri,7219,10890143272
C,400,2,mohriKShortest12,17101,19666355984
C,400,2,mohriKShortest16,23076,25523817576
C,400,2,mohriKShortest20,31400,33244904688
C,400,2,mohriKShortest4,9343,12545952728
C,400,2,mohriKShortest8,12431,15398715024
C,400,2,mohrip,7213,10864003360
C,400,2,mohripKShortest12,14854,17638350168
C,400,2,mohripKShortest16,19114,21732051192
C,400,2,mohripKShortest20,24670,26833634752
C,400,2,mohripKShortest4,8777,12206791544
C,400,2,mohripKShortest8,11287,14399812232
C,400,32,dijkstra,16010,25493380608
C,400,32,mohri,10140,15057392936
C,400,32,mohriKShortest12,56547,64962301128
C,400,32,mohriKShortest16,84911,93348176600
C,400,32,mohriKShortest20,123466,132159025496
C,400,32,mohriKShortest4,19202,25593229624
C,400,32,mohriKShortest8,34706,42335823200
C,400,32,mohrip,7753,11607842712
C,400,32,mohripKShortest12,56756,65260609712
C,400,32,mohripKShortest16,84079,92607603568
C,400,32,mohripKShortest20,121067,129066083072
C,400,32,mohripKShortest4,21395,28369352648
C,400,32,mohripKShortest8,35873,43753881160
C,400,4,dijkstra,16102,25497542576
C,400,4,mohri,7268,11063306816
C,400,4,mohriKShortest12,18043,21024955320
C,400,4,mohriKShortest16,24882,27454168848
C,400,4,mohriKShortest20,33851,36122146696
C,400,4,mohriKShortest4,9902,13322804512
C,400,4,mohriKShortest8,13102,16295102720
C,400,4,mohrip,7205,10873636832
C,400,4,mohripKShortest12,16251,18897167664
C,400,4,mohripKShortest16,21510,24031011512
C,400,4,mohripKShortest20,28374,30739122984
C,400,4,mohripKShortest4,9228,12562934064
C,400,4,mohripKShortest8,12221,15170060040
C,400,64,dijkstra,16107,25457491504
C,400,64,mohri,13806,20478985496
C,400,64,mohriKShortest12,83504,96624318592
C,400,64,mohriKShortest16,125872,139715036704
C,400,64,mohriKShortest20,195017,211201819456
C,400,64,mohriKShortest4,28097,37257297376
C,400,64,mohriKShortest8,50185,61609485064
C,400,64,mohrip,9259,13871096536
C,400,64,mohripKShortest12,80121,92705078536
C,400,64,mohripKShortest16,117200,129474956200
C,400,64,mohripKShortest20,163315,175636001064
C,400,64,mohripKShortest4,34518,44700538280
C,400,64,mohripKShortest8,51783,63651910224
C,400,8,dijkstra,16113,25497846480
C,400,8,mohri,7860,11708550520
C,400,8,mohriKShortest12,26673,30716663768
C,400,8,mohriKShortest16,37745,41523267472
C,400,8,mohriKShortest20,52297,55905976768
C,400,8,mohriKShortest4,12252,16432368408
C,400,8,mohriKShortest8,18504,22624595104
C,400,8,mohrip,7183,10883592984
C,400,8,mohripKShortest12,18375,21487707144
C,400,8,mohripKShortest16,25628,28609892304
C,400,8,mohripKShortest20,34086,36928405744
C,400,8,mohripKShortest4,10241,14114267112
C,400,8,mohripKShortest8,14646,18279906600
C,50,128,dijkstra,32,54903056
C,50,128,mohri,41,88557184
C,50,128,mohriKShortest12,3816,3803730296
C,50,128,mohriKShortest16,7392,7306808960
C,50,128,mohriKShortest20,12450,12371986312
C,50,128,mohriKShortest4,405,486898536
C,50,128,mohriKShortest8,1550,1600288952
C,50,128,mohrip,19,40456016
C,50,128,mohripKShortest12,3387,3362051896
C,50,128,mohripKShortest16,6688,6571430280
C,50,128,mohripKShortest20,11429,11310797488
C,50,128,mohripKShortest4,397,441724808
C,50,128,mohripKShortest8,1396,1422498040
C,50,16,dijkstra,28,55591952
C,50,16,mohri,17,36055792
C,50,16,mohriKShortest12,668,646103128
C,50,16,mohriKShortest16,1166,1143659632
C,50,16,mohriKShortest20,1999,1919288840
C,50,16,mohriKShortest4,111,125499344
C,50,16,mohriKShortest8,310,311007744
C,50,16,mohrip,12,29738192
C,50,16,mohripKShortest12,744,733093568
C,50,16,mohripKShortest16,1438,1394997320
C,50,16,mohripKShortest20,2465,2400015632
C,50,16,mohripKShortest4,122,128234632
C,50,16,mohripKShortest8,340,343971264
C,50,256,dijkstra,31,54891264
C,50,256,mohri,39,80618880
C,50,256,mohriKShortest12,3097,3075630448
C,50,256,mohriKShortest16,6186,6075673504
C,50,256,mohriKShortest20,10502,10405761096
C,50,256,mohriKShortest4,378,438629224
C,50,256,mohriKShortest8,1295,1319781776
C,50,256,mohrip,24,51487952
C,50,256,mohripKShortest12,3534,3462460104
C,50,256,mohripKShortest16,6293,6150393560
C,50,256,mohripKShortest20,11892,11805999616
C,50,256,mohripKShortest4,331,370583064
C,50,256,mohripKShortest8,1259,1264135896
C,50,2,dijkstra,26,55560800
C,50,2,mohri,13,22889256
C,50,2,mohriKShortest12,301,281631472
C,50,2,mohriKShortest16,559,536789032
C,50,2,mohriKShortest20,947,910291600
C,50,2,mohriKShortest4,53,51250720
C,50,2,mohriKShortest8,133,129541104
C,50,2,mohrip,10,22964168
C,50,2,mohripKShortest12,197,185930176
C,50,2,mohripKShortest16,298,297732288
C,50,2,mohripKShortest20,475,465303408
C,50,2,mohripKShortest4,46,51039768
C,50,2,mohripKShortest8,98,102495704
C,50,32,dijkstra,27,55107120
C,50,32,mohri,29,57227424
C,50,32,mohriKShortest12,2113,2099826592
C,50,32,mohriKShortest16,4167,4107716352
C,50,32,mohriKShortest20,7112,7114066752
C,50,32,mohriKShortest4,262,290160952
C,50,32,mohriKShortest8,920,939393104
C,50,32,mohrip,17,36731520
C,50,32,mohripKShortest12,2551,2516454520
C,50,32,mohripKShortest16,5146,5053205744
C,50,32,mohripKShortest20,8624,8525399856
C,50,32,mohripKShortest4,308,343076352
C,50,32,mohripKShortest8,1095,1107289264
C,50,4,dijkstra,30,55572544
C,50,4,mohri,16,33583400
C,50,4,mohriKShortest12,638,613808376
C,50,4,mohriKShortest16,1137,1096096320
C,50,4,mohriKShortest20,1823,1788119304
C,50,4,mohriKShortest4,81,87858720
C,50,4,mohriKShortest8,228,217213272
C,50,4,mohrip,11,24492760
C,50,4,mohripKShortest12,615,581411872
C,50,4,mohripKShortest16,1114,1074185352
C,50,4,mohripKShortest20,1864,1803012840
C,50,4,mohripKShortest4,91,93835352
C,50,4,mohripKShortest8,279,272957240
C,50,64,dijkstra,30,54924096
C,50,64,mohri,27,59504808
C,50,64,mohriKShortest12,2172,2136948200
C,50,64,mohriKShortest16,4217,4156912248
C,50,64,mohriKShortest20,7300,7301763856
C,50,64,mohriKShortest4,288,324914232
C,50,64,mohriKShortest8,936,959583048
C,50,64,mohrip,18,35787984
C,50,64,mohripKShortest12,2037,2015926208
C,50,64,mohripKShortest16,4006,3966330984
C,50,64,mohripKShortest20,6688,6669761368
C,50,64,mohripKShortest4,248,280051928
C,50,64,mohripKShortest8,920,898728512
C,50,8,dijkstra,30,55569264
C,50,8,mohri,17,38412208
C,50,8,mohriKShortest12,1040,1019574952
C,50,8,mohriKShortest16,1971,1944617072
C,50,8,mohriKShortest20,3725,3670738760
C,50,8,mohriKShortest4,153,164736032
C,50,8,mohriKShortest8,438,442610136
C,50,8,mohrip,12,26031536
C,50,8,mohripKShortest12,1014,963171584
C,50,8,mohripKShortest16,1886,1832998480
C,50,8,mohripKShortest20,3143,3058071624
C,50,8,mohripKShortest4,149,158974352
C,50,8,mohripKShortest8,442,442082376
U,100,1,dijkstra,234,419657488
U,100,1,mohri,76,174730040
U,100,1,mohriKShortest12,1150,1187155848
U,100,1,mohriKShortest16,2332,2365243104
U,100,1,mohriKShortest20,4271,4321053904
U,100,1,mohriKShortest4,212,277408912
U,100,1,mohriKShortest8,507,566691496
U,100,1,mohrip,77,174986688
U,100,1,mohripKShortest12,683,702585416
U,100,1,mohripKShortest16,1080,1093719544
U,100,1,mohripKShortest20,1631,1628406944
U,100,1,mohripKShortest4,221,266848256
U,100,1,mohripKShortest8,399,433490072
U,150,1,dijkstra,812,1386282720
U,150,1,mohri,328,582015240
U,150,1,mohriKShortest12,2379,2502260248
U,150,1,mohriKShortest16,4430,4533874304
U,150,1,mohriKShortest20,7740,7793138304
U,150,1,mohriKShortest4,661,804136112
U,150,1,mohriKShortest8,1214,1372745496
U,150,1,mohrip,363,582443920
U,150,1,mohripKShortest12,1616,1678522552
U,150,1,mohripKShortest16,2355,2448598424
U,150,1,mohripKShortest20,3461,3477039232
U,150,1,mohripKShortest4,629,783362616
U,150,1,mohripKShortest8,1031,1132981864
U,200,1,dijkstra,1957,3247646056
U,200,1,mohri,848,1370580440
U,200,1,mohriKShortest12,4179,4466564648
U,200,1,mohriKShortest16,7197,7528385504
U,200,1,mohriKShortest20,12124,12308662704
U,200,1,mohriKShortest4,1375,1757543312
U,200,1,mohriKShortest8,2364,2695319496
U,200,1,mohrip,862,1371190304
U,200,1,mohripKShortest12,2992,3238873608
U,200,1,mohripKShortest16,4295,4510132880
U,200,1,mohripKShortest20,6018,6183244024
U,200,1,mohripKShortest4,1354,1723248432
U,200,1,mohripKShortest8,1973,2322285416
U,250,1,dijkstra,3844,6297453480
U,250,1,mohri,1744,2666425640
U,250,1,mohriKShortest12,6571,7206069048
U,250,1,mohriKShortest16,10809,11474776704
U,250,1,mohriKShortest20,17348,17993627104
U,250,1,mohriKShortest4,2505,3263630512
U,250,1,mohriKShortest8,3968,4660413496
U,250,1,mohrip,1723,2667226896
U,250,1,mohripKShortest12,4935,5509638056
U,250,1,mohripKShortest16,6970,7404318240
U,250,1,mohripKShortest20,9413,9873022304
U,250,1,mohripKShortest4,2461,3212505504
U,250,1,mohripKShortest8,3451,4127401480
U,300,1,dijkstra,6655,10827923016
U,300,1,mohri,2980,4595550840
U,300,1,mohriKShortest12,9714,10846773448
U,300,1,mohriKShortest16,15290,16499047904
U,300,1,mohriKShortest20,23746,24974031504
U,300,1,mohriKShortest4,4100,5448397712
U,300,1,mohriKShortest8,6073,7394027496
U,300,1,mohrip,3031,4596554432
U,300,1,mohripKShortest12,7523,8616834920
U,300,1,mohripKShortest16,10289,11257182912
U,300,1,mohripKShortest20,13882,14672402712
U,300,1,mohripKShortest4,3961,5377139640
U,300,1,mohripKShortest8,5448,6674341544
U,350,1,dijkstra,10788,17128532712
U,350,1,mohri,4885,7283956040
U,350,1,mohriKShortest12,13647,15514677848
U,350,1,mohriKShortest16,20955,22727199104
U,350,1,mohriKShortest20,31639,33375875904
U,350,1,mohriKShortest4,6363,8437844912
U,350,1,mohriKShortest8,9108,11022161496
U,350,1,mohrip,4861,7285161008
U,350,1,mohripKShortest12,10946,12686410496
U,350,1,mohripKShortest16,14623,16194662024
U,350,1,mohripKShortest20,19499,20707317024
U,350,1,mohripKShortest4,6253,8343128856
U,350,1,mohripKShortest8,8111,10089069984
U,400,1,dijkstra,16025,25497360912
U,400,1,mohri,7240,10857641240
U,400,1,mohriKShortest12,18512,21335782248
U,400,1,mohriKShortest16,27355,30285230304
U,400,1,mohriKShortest20,40448,43325160304
U,400,1,mohriKShortest4,9158,12357972112
U,400,1,mohriKShortest8,12780,15670815496
U,400,1,mohrip,7059,10859054208
U,400,1,mohripKShortest12,15118,17844413888
U,400,1,mohripKShortest16,19960,22342812384
U,400,1,mohripKShortest20,25898,28103825376
U,400,1,mohripKShortest4,8919,12236490216
U,400,1,mohripKShortest8,11435,14497617040
U,50,1,dijkstra,27,55551168
U,50,1,mohri,10,22724840
U,50,1,mohriKShortest12,389,395251448
U,50,1,mohriKShortest16,917,896491904
U,50,1,mohriKShortest20,1809,1766409504
U,50,1,mohriKShortest4,46,51361712
U,50,1,mohriKShortest8,155,151157496
U,50,1,mohrip,10,22828784
U,50,1,mohripKShortest12,192,185076824
U,50,1,mohripKShortest16,321,319514832
U,50,1,mohripKShortest20,519,511390720
U,50,1,mohripKShortest4,45,47718712
U,50,1,mohripKShortest8,98,97826440
